{"cameraMode":{"drawMode":0,"name":"Shaded","section":"Shading Mode"},"sceneLighting":false,"audioPlay":false,"sceneViewState":{"showFog":true,"showMaterialUpdate":false,"showSkybox":true,"showFlares":true,"showImageEffects":true,"showParticleSystems":true},"in2DMode":false,"pivot":{"x":-0.0007594563066959381,"y":0.15030087530612946,"z":5.587935447692871e-9},"rotation":{"x":-0.17457576096057893,"y":0.5399942398071289,"z":-0.11553589999675751,"w":-0.8152379989624023},"size":1.145693063735962,"orthographic":false}