{"cameraMode":{"drawMode":0,"name":"Shaded","section":"Shading Mode"},"sceneLighting":true,"audioPlay":false,"sceneViewState":{"showFog":true,"showMaterialUpdate":false,"showSkybox":true,"showFlares":true,"showImageEffects":true,"showParticleSystems":true},"in2DMode":false,"pivot":{"x":0.04112105444073677,"y":0.0042763352394104,"z":-0.06655693799257279},"rotation":{"x":0.1378406584262848,"y":0.020794006064534189,"z":-0.002889602445065975,"w":0.9902481436729431},"size":0.6282070875167847,"orthographic":false}