{"cameraMode":{"drawMode":0,"name":"Shaded","section":"Shading Mode"},"sceneLighting":false,"audioPlay":false,"sceneViewState":{"showFog":true,"showMaterialUpdate":false,"showSkybox":true,"showFlares":true,"showImageEffects":true,"showParticleSystems":true},"in2DMode":false,"pivot":{"x":-0.2881534695625305,"y":0.18612603843212129,"z":-0.40268459916114809},"rotation":{"x":-0.10954786092042923,"y":0.027740703895688058,"z":-0.0030613457784056665,"w":-0.9936063289642334},"size":1.4309327602386475,"orthographic":false}