{"cameraMode":{"drawMode":0,"name":"Shaded","section":"Shading Mode"},"sceneLighting":false,"audioPlay":false,"sceneViewState":{"showFog":true,"showMaterialUpdate":false,"showSkybox":true,"showFlares":true,"showImageEffects":true,"showParticleSystems":true},"in2DMode":false,"pivot":{"x":0.10059443861246109,"y":0.2753148674964905,"z":-0.29299336671829226},"rotation":{"x":-0.17457576096057893,"y":0.5399942398071289,"z":-0.11553589999675751,"w":-0.8152379989624023},"size":0.5515689849853516,"orthographic":false}