{"cameraMode":{"drawMode":0,"name":"Shaded","section":"Shading Mode"},"sceneLighting":false,"audioPlay":false,"sceneViewState":{"showFog":true,"showMaterialUpdate":false,"showSkybox":true,"showFlares":true,"showImageEffects":true,"showParticleSystems":true},"in2DMode":false,"pivot":{"x":-5.03325080871582,"y":-5.160791397094727,"z":6.075424671173096},"rotation":{"x":-0.17457576096057893,"y":0.5399942398071289,"z":-0.11553589999675751,"w":-0.8152379989624023},"size":2.0295069217681886,"orthographic":false}