{"cameraMode":{"drawMode":0,"name":"Shaded","section":"Shading Mode"},"sceneLighting":true,"audioPlay":false,"sceneViewState":{"showFog":true,"showMaterialUpdate":false,"showSkybox":true,"showFlares":true,"showImageEffects":true,"showParticleSystems":true},"in2DMode":false,"pivot":{"x":-0.2191828042268753,"y":-0.4585127830505371,"z":0.8157574534416199},"rotation":{"x":-0.28284430503845217,"y":-0.01812945120036602,"z":0.005347530357539654,"w":-0.9589858055114746},"size":0.4829472303390503,"orthographic":false}